JK,JW,PLAFOND,SALDO_DEBET,JAMINAN,KOLEKTIBILITAS,,
L,11,9900000,9900000,"Natal 2023, THR 2024",1,,
L,48,15000000,5541560,Gaji,9,,
L,60,275000000,217976815,Gaji,9,,
L,60,250000000,134853250,Gaji,9,,
P,60,70000000,69858202,Sertifikat SHM NO18,9,,
L,48,50000000,34191670,Manfaat pensiun,9,,
L,12,6000000,6000000,Natal 2022,9,,
L,12,15000000,15000000,jasprod 2022,9,,
L,120,135000000,126972907,Gaji,0,,
L,36,15000000,12940000,Gaji,0,,
P,10,35000000,26250000,"Tunjangan Natal 2020, THR 2021 & Japrod 2020",0,,
P,11,8500000,8500000,Natal 2021,0,,
L,120,95000000,89883381,Gaji,0,,
P,60,125000000,69589985,Manfaat pensiun,0,,
L,72,75000000,56291610,Gaji,0,,
L,60,60000000,53268000,Kend rd 2 NoBPKB: H-07355682,0,,
L,60,76000000,41639940,Kend rd 4 BPKB No: H-04663794,0,,
L,36,15000000,5606630,Gaji,0,,
L ,12,125000000,113731250,Gaji,0,,
L,60,25000000,17999980,Gaji,0,,
L,12,82000000,77180000,HASIL USAHA DAGANG,0,,
P,24,50000000,19166665,Manfaat pensiun,0,,
L,43,275000000,181530407,Gaji,0,,
L,48,200000000,135881275,Gaji,0,,   
L,36,50000000,34777605,Manfaat pensiun,0,,   
L,60,10000000,7333280,Manfaat pensiun,1,,   
L,60,10000000,7980040,Kendrd 2 Honda Tahun 2018,1,,   
L,8,4900000,4900000,Natal 2023,1,,
L,60,30000000,26000000,Gaji,1,,
L,12,10000000,10000000,"Natal 2023, THR 2024",1,,
L,12,10000000,4438313,Gaji,1,,
L,60,30000000,26450000,Gaji,1,,
L,12,30000000,20000000,"THR 2023, Natal 2022, Cutan Maret 2024",1,,
L,12,30000000,30000000,Japrod 2023,1,,
L,60,10000000,7666620,Manfaat pensiun,1,,
L,12,10000000,4331518,Manfaat pensiun,1,,
L,5,4900000,4900000,Cutan Sept 2023,1,,
L,11,24500000,24500000,Japrod 2023,1,,
L,12,10000000,4758750,Gaji,1,,
L,36,30000000,7499955,Gaji,1,,
L,60,50000000,47499995,Gaji,1,,
L,8,10000000,10000000,Natal 2023,1,,
L,11,10000000,10000000,THR 2024,1,,
L,12,30000000,30000000,Japrod 2023,1,,
L,12,10000000,4108828,Gaji,1,,
P,10,20000000,13300000,"THR 2023, Cutan Sept 2023 dan Natal 2023",1,,
L,12,15000000,15000000,"Japrod 2023, THR 2024, Natal 2023",1,,
L,11,19000000,19000000,Natal 2023,1,,
L,12,19000000,19000000,THR 2024,1,,
L,12,57000000,57000000,Gaji,1,,
L,12,10000000,0,Gaji,1,,
L,36,30000000,19999980,Manfaat pensiun,1,,
L,11,4900000,4900000,Natal 2023,1,,
L,11,15000000,15000000,Japrod 2023,1,,
L,36,13000000,8666620,Kend rd 2 NoBPKB : G-3775128,1,,
L,60,25000000,22083310,Gaji,1,,
L,12,19600000,19600000,"Natal 2023, THR 2024",1,,
L,11,29400000,29400000,Japrod 2023,1,,
L,12,6400000,6400000,Cutan Sept 2023,1,,
L,8,6500000,6500000,THR 2024,1,,
L,12,6500000,6500000,Japrod 2023,1,,
P,9,10000000,10000000,"Natal 2023, cutan Sept 2023",1,,
P,12,25000000,25000000,"Japrod 2023, Natal 2023",1,,
L,24,15000000,11250000,Gaji,1,,
L,12,4000000,4000000,Natal 2023,1,,
L,12,5000000,5000000,THR 2024,1,,
L,12,15000000,15000000,Japrod 2023,1,,
L,12,10000000,8632477,jogoboyo,1,,
L,24,15000000,625000,pot gaji,1,,
L,12,40000000,40000000,"Japrod 2023, Natal 2023",1,,
L,11,10000000,10000000,THR 2024,1,,
L,36,20000000,13888840,pot gaji,1,,
L,36,15000000,2317000,Gaji,1,,
L,36,20000000,14999960,pot gaji,1,,
L,60,30000000,29000000,Gaji,1,,
L,60,50000000,48333332,Gaji,1,,
L,12,36000000,18000000,"Natal  2023, Cutan Juni 2023",1,,
L,10,18000000,18000000,THR 2024,1,,
L,12,10000000,3572881,Gaji,1,,
L,60,40000000,37999990,Manfaat pensiun,1,,
L,60,25000000,416470,Gaji,1,,
L,60,100000000,88166640,Manfaat pensiun,1,,
P,12,12460000,6230000,"Natal 2023, THR 2023",1,,
P,10,6180000,6180000,THR 2024,1,,
L,24,10000000,7499980,pot gaji,1,,
L,12,20000000,20000000,Japrod 2023,1,,
L,24,15000000,1875000,potong gaji,1,,
L,60,50000000,43333320,pot gaji,1,,
L,60,115000000,111100000,Kend Rd4 Avanza Tahun 2015,1,,
L,11,15000000,15000000,Japrod 2023,1,,
L,12,10000000,0,Gaji,1,,
P,9,20000000,20000000,"Natal 2023, Cubes Jan 2024",1,,
P,12,24000000,24000000,Japrod 2023,1,,
P,48,15000000,14375000,KendRd 2 Honda Tahun 2014,1,,
L,36,25000000,17500000,Manfaat pensiun,1,,
L,96,53000000,30696800,Manfaat pensiun,1,,
L,36,25000000,2777760,Kend rd 4 NoBPKB: M-07244992,1,,
L,12,10000000,9501500,Gaji,1,,
L,36,45000000,3750000,Gaji,1,,
L,60,25000000,14583250,Gaji,1,,
L,11,47500000,47500000,"Japrod 2023, Natal 2023, THR 2024",1,,
L,36,16500000,15583330,Gaji,1,,
L,60,25000000,1666441,Gaji,1,,
L,36,25000000,22916665,Gaji,1,,
L,12,10000000,0,Gaji,1,,
P,9,14000000,7000000,"THR 2023, Natal 2023",1,,
P,12,26000000,26000000,"Japrod 2023, THR 2024",1,,
P,12,10000000,4220957,Gaji,1,,
P,60,100000000,68175000,Gaji,1,,
P,12,10000000,0,Gaji,1,,
P,12,11000000,11000000,"Natal 2023, THR 2024",1,,
P,24,10000000,8749990,pot gaji,1,,
L,60,25000000,19999960,pot gaji,1,,
L,11,55000000,55000000,"Japrod 2023, Natal 2023, THR 2024",1,,
L,36,30000000,14166635,pot gaji,1,,
L,60,30000000,25500000,pot gaji,1,,
L,12,5500000,5500000,Natal 2023,1,,
L,12,6000000,6000000,THR 2024,1,,
L,11,18000000,18000000,Japrod 2023,1,,
L,12,10000000,2954021,Gaji,1,,
L,11,18000000,18000000,"Natal 2023, THR 2024",1,,
L,11,30000000,30000000,Japrod 2023,1,,
L,60,80000000,67999985,Gaji,1,,
L,12,24000000,24000000,"THR 2024, Natal 2023",1,,
L,60,65000000,55249991,pot gaji,1,,
L,60,50000000,44166655,pot gaji,1,,
L,11,9000000,9000000,Natal 2023,1,,
L,12,9000000,9000000,THR 2024,1,,
L,11,28000000,28000000,Japrod 2023,1,,
L,12,10000000,9305016,Gaji,1,,
L,60,40000000,33999970,pot gaji,1,,
L,7,12000000,12000000,Natal 2023,1,,
L,11,30000000,30000000,Japrod 2023,1,,
L,9,9500000,4750000,"THR 2023, Natal 2023",1,,
L,60,50000000,47499995,pot gaji,1,,
L,18,5000000,2222200,pot gaji,1,,
P,11,9000000,9000000,"Natal 2023 Dapen, THR 2024 Dapen",1,,
L,60,40000000,37999990,pot gaji,1,,
P,4,6500000,6500000,Cutan Sept 2023,1,,
P,11,19500000,19500000,Japrod 2023,1,,
P,27,40000000,12666550,Gaji,1,,
L,36,20000000,1110960,Gaji,1,,
L,9,20000000,13100000,"THr 2023, Cuti September 2023,  Natal 2023",1,,
L,12,20000000,20000000,Japrod 2023,1,,
L,9,12000000,7000000,"THR 2023, Natal 2023",1,,
L,60,100000000,78333290,Manfaat pensiun,1,,
L,12,10000000,4715000,Manfaat pensiun,1,,
L,12,40000000,40000000,penjualan mobil,1,,
L,36,30000000,29166665,Pot Manfaat Pensiun,1,,
L,8,13000000,13000000,Natal 2023,1,,
L,12,15000000,15000000,Japrod 2024,1,,
L,12,12000000,12000000,Cutan Sept 2023,1,,
L,7,12000000,12000000,Natal 2023,1,,
L,12,20000000,20000000,Japrod 2023,1,,
L,12,10000000,4383750,Gaji,1,,
L,7,7000000,7000000,Natal 2023,1,,
L,11,10000000,10000000,Japrod 2023,1,,
P,11,33500000,33500000,"Japrod 2023, Natal 2023, THR 2024",1,,
L,11,17583000,11722000,"THR 2023, Cutan Sept 2023, Natal 2023",1,,
P,18,30000000,16666640,pot gaji,1,,
P,11,12500000,12500000,Natal 2023,1,,
P,12,12000000,12000000,THR 2024,1,,
P,12,36000000,36000000,Japrod 2023,1,,
P,12,10000000,6778948,Gaji,1,,
L,60,30000000,29000000,pot manfaat pensiun,1,,
L,11,28500000,28500000,"Japrod 2023, Natal 2023, THR 2024",1,,
P,11,25000000,25000000,Japrod 2023,1,,
L,36,45000000,29174999,Gaji,1,,
L,12,10000000,0,Gaji,1,,
L,36,15000000,10833300,Manfaat pensiun,1,,
L,36,20000000,15000005,Manfaat pensiun,1,,
L,60,10000000,9333320,Manfaat pensiun,1,,
L,60,40000000,29999950,Gaji,1,,
L,12,50000000,50000000,"Japrod 2023, Natal 2023, THR 2024",1,,
L,7,9500000,9500000,THR 2024 Dapen,1,,
L,12,10000000,5000000,Gaji,1,,
L,60,30000000,19000000,pot gaji,1,,
L,3,4500000,4500000,Cutan Sept 2023,1,,
L,48,80000000,61666630,pot gaji,1,,
L,60,20000000,19333330,pot gaji,1,,
L,12,7000000,7000000,THR 2024,1,,
L,12,21000000,21000000,Japrod 2023,1,,
L,7,21000000,21000000,"Natal 2023, Cubes Jan 2024",1,,
L,12,10000000,4218251,Gaji,1,,
L,10,6600000,6600000,Natal 2023,1,,
L,12,20000000,20000000,Japrod 2023,1,,
L,11,6500000,6500000,THR 2024,1,,
L,12,10000000,2548766,Gaji,1,,
L,11,20000000,20000000,"Japrod 2023, Natal 2023",1,,
L,12,10000000,4538818,Gaji,1,,
L,60,100000000,63333260,Gaji,1,,
L,10,38000000,19000000,"THR 2023, Cutan Sept 2023 dan Natal 2023, japrod 1",1,,
L,36,15000000,12083310,Gaji,1,,
P,60,115000000,53666560,Manfaat pensiun,1,,
P,12,10000000,5178862,Manfaat pensiun,1,,
L,12,10000000,10000000,"Natal 2023, THR 2024",1,,
L,10,14500000,14500000,Cubes Maret 2024,1,,
L,12,13000000,13000000,"THR 2024, Natal 2023",1,,
L,12,20000000,20000000,"Japrod 2023, Natal 2023, Cutan Sept 2023",1,,
L,24,11000000,10541665,pot gaji,1,,
L,12,60000000,60000000,"Japrod 2023, Natal 2023, THR 2024",1,,
L,60,65000000,56333320,pot gaji,1,,
L,11,23500000,23500000,"THR 2024, Natal 2023",1,,
L,11,35500000,35500000,Japrod 2023,1,,
P,60,20000000,19000000,Gaji,1,,
P,12,20700000,20700000,"Natal 2023, Cubes Jan 2024",1,,
P,12,28000000,28000000,"Japrod 2023, THR 2024",1,,
P,12,10000000,0,Gaji,1,,
P,10,10000000,10000000,Natal 2023,1,,
P,12,10000000,3069600,Gaji,1,,
P,60,16000000,10133260,Manfaat pensiun,1,,
P,12,20000000,20000000,"Natal 2023, THR 2024",1,,
P,11,37000000,37000000,Japrod 2023,1,,
P,11,15000000,15000000,"Japrod 2023, Natal 2023",1,,
P,36,20000000,19444440,pot gaji,1,,
P,12,10000000,10000000,Gaji,1,,
P,60,50000000,32049965,Gaji,1,,
P,18,20000000,7777735,Gaji,1,,
P,120,160000000,141333310,pot gaji,1,,
P,12,10000000,8655136,Gaji,1,,
L,9,10000000,5000000,"Natal 2023, cutan Sept 2023",1,,
L,12,7500000,7500000,Cutan Sept 2023,1,,
L,9,12000000,12000000,Natal 2023,1,,
L,12,15000000,15000000,Japrod 2023,1,,
L,48,30000000,29375000,pot gaji,1,,
L,11,13000000,13000000,"Natal 2023, THR 2024",1,,
L,12,20000000,20000000,Japrod 2023,1,,
L,60,23000000,4983255,Gaji,1,,
L,36,35000000,34027775,"Manfaat pensiun, Kend rd2 merk Vespa Th2012",1,,
L,12,5500000,5500000,Natal Dapen 2023,1,,
L,12,5000000,5000000,THR 2024 Dapen,1,,
L,12,60000000,60000000,"Japrod 2023, Natal 2023, THR 2024",1,,
L,12,30000000,30000000,Pot gaji,1,,
L,12,10000000,6223165,Jogoboyo,1,,
L,36,18000000,7000000,Kend rd 2 NoBPKB : I-09326153,1,,
L,12,5600000,5600000,"Natal 2023, Cutan Maret 2024",1,,
L,12,12400000,12400000,"Japrod 2023, THR 2024",1,,
L,12,10000000,4108983,Gaji,1,,
P,36,20000000,9444360,Gaji,1,,
P,11,22000000,12000000,"THR 2023, Natal 2023",1,,
P,10,10000000,10000000,THR 2024,1,,
P,12,10000000,8409748,Gaji,1,,
L,24,7000000,291590,pot gaji,1,,
L,36,20000000,14999960,pot gaji,1,,
L,36,15000000,1249890,Manfaat pensiun,1,,
L,6,100000000,100000000,Pemby Termin Proyek Pembangunan ,1,,
P,60,20000000,12999965,pot manfaat pensiunan,1,,
P,36,23500000,21541660,pot gaji,1,,
P,7,20000000,20000000,"Natal 2023, Cubes Sept 2023",1,,
P,11,30000000,30000000,Japrod 2023,1,,
L,60,10000000,8333300,Manfaat pensiun,1,,
L,12,14000000,14000000,Japrod 2023,1,,
P,11,20000000,20000000,Japrod 2023,1,,
P,60,50000000,45833335,pot gaji,1,,
L,60,12000000,10180000,pot gaji,1,,
L,12,15900000,15900000,Japrod 2023,1,,
L,11,40000000,40000000,"Japrod 2023, Natal 2023",1,,
L,12,10000000,4430000,Gaji,1,,
P,84,122000000,111237500,Gaji,1,,
P,12,10000000,9000000,Gaji,1,,
L,24,10000000,7916650,pot gaji,1,,
P,48,15000000,13437500,pot gaji,1,,
P,9,9000000,9000000,Natal 2023,1,,
P,12,17500000,17500000,"Cutan Maret 2024, THR 2024",1,,
P,12,10000000,8284725,Gaji,1,,
P,12,13166000,6583000,"THR 2023, Cutan Sept 2023",1,,
P,12,6583000,6583000,Natal 2023,1,,
P,12,7336000,7336000,THR 2024,1,,
P,12,10000000,5000000,Gaji,1,,
P,60,75000000,36250000,Manfaat pensiun,1,,
P,6,5000000,5000000,Natal 2023 dari Dapen,1,,
P,12,10000000,4156328,Manfaat pensiun,1,,
L,11,20000000,20000000,Japrod 2023,1,,
P,60,75000000,73750000,pot gaji,1,,
P,9,20000000,10000000,"Natal 2023, Cutan Juni 2023",1,,
P,11,30000000,30000000,"Japrod 2023, THR 2024",1,,
L,48,15000000,14687500,pot gaji,1,,
L,11,12000000,12000000,"Natal 2023, THR 2024",1,,
P,11,25000000,25000000,"Japrod 2023, Natal 2023, THR 2024",1,,
L,60,25000000,14166580,pot gaji,1,,
P,11,19000000,19000000,Japrod 2023,1,,
L,12,15000000,15000000,"Japrod 2023, Natal 2023, THR 2024",1,,
L,60,25000000,11666560,Manfaat pensiuna,1,,
L,60,35000000,32083325,pot gaji,1,,
P,60,30000000,30000000,Kend rd 4 Merk Mazda Tahun 2017,1,,
P,11,33000000,33000000,"Japrod 2023, Natal 2023, THR 2024",1,,
P,36,20000000,12222230,pot manfaat pensiun,1,,
L,42,100000000,80952360,pot gaji,1,,
L,11,50000000,50000000,"Natal 2023, THR 2024",1,,
L,10,5000000,5000000,Natal 2023,1,,
L,11,15000000,15000000,Japrod 2023,1,,
P,10,11000000,11000000, Natal 2023,1,,
P,12,11000000,11000000,Cuti Maret 2024,1,,
P,12,30000000,30000000,"Japrod 2023, THR 2024",1,,
P,12,10000000,5000000,Gaji,1,,
P,60,35000000,23333300,pot gaji,1,,
P,9,20000000,13000000,"THR 2023, Cutan Sept 2023, Natal 2023",1,,
L,12,6800000,6800000,THR 2024,1,,
P,12,15000000,15000000,Japrod 2023,1,,
P,12,10000000,5000000,Gaji,1,,
L,11,25000000,25000000,Japrod 2023,1,,
L,60,145000000,115999960,pot manfaat pensiun,1,,
L,11,18000000,18000000,"Natal 2023 dari Dapen, THR 2024 dari Dapen",1,,
L,60,25000000,21666640,pot gaji,1,,
L,11,25000000,12500000,"Cutan Maret 2023, Natal 2023",1,,
L,12,12900000,12900000,THR 2024,1,,
L,12,39000000,39000000,Japrod 2023,1,,
L,12,10000000,4105808,Gaji,1,,
L,60,100000000,93333320,pot gaji,1,,
L,12,8500000,8500000,Natal 2023,1,,
L,12,9000000,9000000,THR 2024,1,,
L,60,130000000,119166650,pot gaji,1,,
L,12,25000000,25000000,Natal Dapen 2023,1,,
L,11,25000000,25000000,THR 2024 Dapen,1,,
P,60,50000000,29992040,Kend rd 4  Suzuki Tahun 1993,1,,
P,12,20000000,20000000,"Natal 2023, THR 2024",1,,
P,12,30000000,30000000,Japrod 2023,1,,
P,12,10000000,4340995,Gaji,1,,
L,60,25000000,22499980,pot manfaat pensiun,1,,
L,10,5000000,5000000,Natal Dapen 2023,1,,
P,12,18000000,18000000,Japrod 2023,1,,
L,24,21000000,21000000,pot gaji,1,,
L,12,10000000,4378998,Gaji,1,,
L,60,40000000,39333330,pot gaji,1,,
L,11,30000000,30000000,"Japrod 2023, Natal 2023, THR 2024",1,,
L,12,40000000,40000000,"Natal 2023, THR 2024, Cubes Maret 24",1,,
P,12,32000000,32000000,Japrod 2023,1,,
L,8,40000000,19000000,"Natal 2022, Japrod 2022, THR 2023",1,,
L,84,90000000,62141000,Sertifikat tanah SHM NO13522,1,,
L,11,10000000,10000000,Natal 2023,1,,
L,60,60000000,39000000,pot gaji,1,,
L,12,34000000,34000000,Cubes September 2023,1,,
L,12,10000000,9073286,Gaji,1,,
L,30,10000000,6664650,pot gaji,1,,
P,60,18000000,17700000,Pot Manfaat Pensiun,1,,
P,12,20000000,20000000,"Japrod 2023, Natal 2023",1,,
L,11,14500000,9650000,"THR 2023, Cutan Sept 2023, Natal 2023",1,,
L,60,50000000,42499985,pot gaji,1,,
L,12,30000000,30000000,"Japrod 2023, Natal 2023, THR 2024",1,,
P,60,300000000,260000000,Sertifikat tanah SHM NO00242,1,,
P,12,10000000,7164577,Manfaat pensiun,1,,
L,12,7000000,7000000,Natal 2023,1,,
L,12,7000000,7000000,THR 2024,1,,
L,12,21000000,21000000,Japrod 2023,1,,
L,12,10000000,4227069,Gaji,1,,
L,24,25000000,18749998,setor sendiri,1,,
L,10,10000000,10000000,"Natal 2023, Cutan Sept 2023",1,,
L,12,29000000,29000000,Japrod 2023,1,,
L,10,19000000,19000000,"THR 2024, Natal 2023",1,,
P,12,20000000,20000000,Japrod 2023,1,,
P,11,9000000,9000000,Natal 2023,1,,
P,12,18000000,9000000,"THR 2024, Cutan Juni 2023",1,,
P,12,27000000,27000000,Japrod 2023,1,,
P,12,27000000,27000000,"Cutan Juni 2024, Penghargaan Mei 2024",1,,
P,12,10000000,3559162,Gaji,1,,
P,11,34000000,34000000,"Japrod 2023, Natal 2023, THR 2024",1,,
L,60,60000000,55000000,pot gaji,1,,
L,12,10000000,9233505,Gaji,1,,
P,12,5000000,3333320,Manfaat pensiunan,1,,
P,6,8000000,4000000,"Natal 2023, Cutan Sept 2023",1,,
P,24,70000000,8749930,potong gaji,1,,
L,12,4000000,3666665,pot gaji,1,,
L,12,20000000,20000000,"Japrod 2023, Natal 2023, THR 2024",1,,
L,36,15000000,10416630,pot gaji,1,,
L,12,10000000,10000000,THR 2024,1,,
L,12,43000000,43000000,"Japrod 2023, THR 2023",1,,
L,12,10000000,4071452,Gaji,1,,
L,12,38000000,38000000,Japrod 2023,1,,
L,24,7500000,4675000,pot gaji,1,,
L,6,5000000,5000000,Natal 2023,1,,
L,12,10000000,4107108,Gaji,1,,
L,163,50000000,28006930, Kend rd 2 NoBPKB : M-13642996,1,,
L,60,40000000,37999990,pot gaji,1,,
L,12,28000000,28000000,"THR 2024,Natal 2023, Cutan Sept 2023",1,,
L,11,45000000,45000000,Japrod 2023,1,,
L,36,20000000,13333280,pot gaji,1,,
L,60,50000000,3333240,potong gaji,1,,
L,60,50000000,29999960,pot gaji,1,,
L,11,55000000,55000000,"Japrod 2023, Natal 2023, THR 2024",1,,
L,36,10000000,6944420,Manfaat pensiun,1,,
L,12,5500000,5500000,Natal 2023,1,,
L,12,10000000,6643196,Manfaat pensiun,1,,
L,60,90000000,76500000,Kend rd 4 Merk Rush,1,,
L,11,60000000,60000000,"Japrod 2023, Natal 2023",1,,
L,12,10000000,7652167,Gaji,1,,
L,96,135000000,106875000,Gaji,1,,
L,60,10000000,9833330,Gaji,1,,
L,12,10000000,2000000,Gaji,1,,
L,60,60000000,29000000,Gaji,1,,
L,11,50000000,50000000,"Japrod 2023, Natal 2023, THR 2024",1,,
L,36,25000000,13194435,pot gaji,1,,
P,60,200000000,179999990,Sertifikat tanah SHM No08159,1,,
P,12,12000000,12000000,Natal 2023,1,,
L,9,11000000,11000000,Cubes Sept 2023,1,,
L,12,10000000,8104073,Gaji,1,,
L,36,3000000,749955,Manfaat pensiun,1,,
P,7,5000000,5000000,Cutan Sept 2023,1,,
P,9,7500000,7500000,Natal 2023,1,,
P,24,21000000,20125000,pot manfaat pensiunan,1,,
L,48,31000000,3874930,Gaji,1,,
L,12,15000000,15000000,"Japrod 2023, THR 2024, Natal 2023",1,,
L,11,12000000,12000000,Japrod 2023,1,,
L,60,30000000,25233330,Gaji,1,,
L,10,10000000,10000000,Natal 2023,1,,
L,12,10000000,0,Gaji,1,,
L,11,7000000,7000000,"Natal 2023 Dapen, THR 2024 Dapen",1,,
L,11,21200000,21200000,Japrod 2023,1,,
P,11,14000000,14000000,"Natal 2023, THR 2024",1,,
P,12,20000000,20000000,Japrod 2023,1,,
P,60,25000000,23749990,Manfaat pensiun,1,,
L,10,6000000,6000000,Natal 2023,1,,
L,11,6000000,6000000,THR 2024,1,,
L,11,20000000,20000000,Japrod 2023,1,,
L,12,10000000,7000000,Gaji,1,,
P,48,25000000,13541630,pot gaji,1,,
P,12,60000000,60000000,"Japrod 2023, THR 2024, Natal 2023",1,,
L,11,21000000,21000000,Japrod 2023,1,,
L,12,500000000,500000000,hasil penjualan rumah di Purwokerto,1,,
L,12,28000000,28000000,"Natal Dapen 2023, THR Dapen 2024",1,,
L,60,25000000,25000000,pot gaji,1,,
L,36,5000000,4583330,Manfaat pensiun,1,,
L,60,90000000,54000000,pot gaji,1,,
L,11,33000000,33000000,"Natal 2023, THR 2024, Cutan Maret 2024",1,,
L,12,10000000,9522500,Gaji,1,,
L,60,10000000,166470,Gaji,1,,
L,11,8000000,8000000,"Natal 2023, THR 2024",1,,
L,60,15000000,14250000,pot gaji,1,,
L,6,36500000,7300000,"Japrod 2022, NATAL 2022, THR 2023",1,,
L,8,10000000,10000000,"Cutan Sept 2023, Natal 2023",1,,
P,4,10000000,10000000,Bilyet Deposito 85091-1224 an MM dhian Pratiwi W,1,,
L,12,24000000,24000000,"Japrod 2023, Natal 2023, THR 2024",1,,
P,60,40000000,18666560,Manfaat pensiuna,1,,
L,12,14000000,14000000,Japrod 2023,1,,
P,12,10000000,4026024,Gaji,1,,
P,60,15000000,8500000,pot gaji,1,,
P,6,4500000,4500000,Natal 2023 Dapen,1,,
L,60,30000000,27000000,Manfaat pensiun,1,,
P,11,18000000,18000000,Japrod 2023,1,,
P,12,7000000,7000000,Natal 2023,1,,
P,12,14000000,14000000,Japrod 2023,1,,
P,12,10000000,4154910,Gaji,1,,
P,11,30000000,30000000,"Japrod 2023, Natal 2023, THR 2024",1,,
L,7,20000000,20000000,"Natal 2023, Cutan Sept 2023",1,,
P,11,20000000,20000000,"Japrod 2023, Natal 2023",1,,
L,8,4000000,1500000,Manfaat pensiun,1,,
L,60,30000000,29000000,Manfaat pensiun,1,,
L,12,5000000,1249970,Manfaat pensiun,1,,
P,36,20000000,6666680,Manfaat pensiun,1,,
L,36,15000000,210000,Gaji,1,,
L,11,10000000,10000000,"Natal 2023, Cubes April 2024",1,,
L,84,100000000,77380880,pot gaji koperasi,1,,
L,12,10000000,0,Gaji,1,,
L,60,15000000,13000000,Gaji,1,,
L,5,6000000,6000000,Cutan Sept 2023,1,,
L,8,7000000,7000000,Natal 2023,1,,
L,12,10000000,8526104,Gaki,1,,
P,24,20000000,11666650,Manfaat pensiun,1,,
P,36,30000000,26516657,Gaji,1,,
P,12,60000000,60000000,"Japrod 2023, Natal 2023, THR 2024",1,,
L,12,15000000,15000000,"Natal 2023, Cubes April 2024",1,,
L,12,10000000,3354856,Gaji,1,,
L,8,14000000,14000000,Cubes Sept 2023,1,,
L,12,10000000,8572067,Gaji,1,,
L,10,16800000,5600000,"THR 2023, Cutan Juni 2023, Natal  2023",1,,
L,12,10000000,9119199,Gaji,1,,
L,4,12000000,12000000,Cutan Sept 2023,1,,
L,36,12000000,6999975,Kend rd 2 NoBPKB: L-09224682 dan NoJ-02070549,1,,
L,60,150000000,95000000,Gaji,1,,
L,12,10000000,0,Gaji,1,,
L,36,7500000,6041655,Manfaat pensiun,1,,
L,7,2500000,2500000,Natal 2023 Dapen,1,,
L,60,50000000,13608265,Manfaat pensiun,1,,
L,11,10000000,5000000,"THR 2023, Natal 2023",1,,
L,12,10000000,6530187,Gaji,1,,
P,12,10000000,0,Gaji,1,,
L,60,55000000,13749850,Manfaat pensiun,1,,
L,8,5000000,5000000,Natal 2023,1,,
P,48,25000000,20311000,Gaji,1,,
L,3,9000000,9000000,Cutan Sept 2023,1,,
P,36,12000000,9999990,Manfaat pensiun,1,,
P,120,165000000,151250000,Gaji,1,,
P,60,50000000,43066680,"Simpanan Berjangka No753, Nominal Rp50000000,--",1,,
P,24,25000000,25000000,"Simpanan Berjangka No1233, Nominal Rp30000000,--",1,,
P,24,25000000,25000000,"Simpanan Bjk No756,758,1023, Nominal Rp30000000,--",1,,
P,12,10000000,6912397,Gaji,1,,
L,84,38000000,18999830,Manfaat pensiun,1,,
L,60,25000000,24166660,Manfaat pensiun,1,,
L,11,5500000,5500000,"Cutan Sept 2023, Natal 2023",1,,
L,12,10000000,4487063,Gaji,1,,
P,60,50000000,45833325,Manfaat pensiun,1,,
P,36,20000000,11111040,Gaji,1,,
L,60,50000000,22499945,Manfaat pensiun,1,,
L,36,15000000,13749990,Gaji,1,,
P,24,20000000,16666660,Gaji,1,,
P,9,12000000,6000000,"THR 2023, Natal 2023",1,,
P,12,18000000,18000000,Japrod 2023,1,,
P,60,50000000,47499995,Gaji,1,,
P,12,43000000,43000000,"Japrod 2023, Natal 2023, THR 2024",1,,
P,9,32000000,24000000,"THR 2023, Cubes Okt 2023, Natal 2023",1,,
P,60,21000000,13650000,Gaji,1,,
P,12,14000000,14000000,"Natal 2023, Cutan Sept 2023",1,,
P,12,7000000,7000000,THR 2024,1,,
P,12,21000000,21000000,Japrod 2023,1,,
P,12,10000000,4188455,Gaji,1,,
L,60,15000000,14250000,Manfaat pensiun,1,,
L,60,40000000,17999890,Gaji,1,,
L,11,10000000,10000000,Cutan Maret 2024,1,,
L,12,32000000,32000000,Japrod 2023,1,,
L,10,21600000,21600000,"THR 2024, Natal 2023",1,,
L,12,10000000,4373443,Gaji,1,,
P,9,13000000,13000000,"Natal 2023, Cutan Sept 2023",1,,
P,11,6750000,6750000,Natal 2023,1,,
P,12,20100000,20100000,Japrod 2023,1,,
P,72,125000000,112847195,Gaji,1,,
P,12,10000000,3000000,Gaji,1,,
L,60,40000000,35333310,Gaji,1,,
L,12,25000000,25000000,"Japrod 2023, THR 2024",1,,
L,9,6000000,6000000,Natal 2023,1,,
L,11,6000000,6000000,THR 2024,1,,
L,12,18000000,18000000,Japrod 2023,1,,
L,12,10000000,4273481,Gaji,1,,
P,48,15000000,2500000,Gaji,1,,
P,12,38500000,38500000,"Japrod 2023, THR 2024, Natal 2023",1,,
P,12,10000000,4758750,Gaji,1,,
L,48,20000000,16666640,Manfaat pensiun,1,,
L,10,2000000,2000000,Natal Dapen 2023,1,,
L,11,2000000,2000000,THR 2024 Dapen,1,,
P,10,13000000,13000000,Cutan Sept 2023 dan Natal 2023,1,,
P,12,6500000,6500000,THR 2024,1,,
P,12,19500000,19500000,Japrod 2023,1,,
P,12,10000000,3281481,Gaji,1,,
L,60,50000000,45833325,Kend rd 4 Merk Totota Sienta Th2017,1,,
L,24,7000000,4666640,Gaji,1,,
L,11,6800000,6800000,Japrod 2023,1,,
L,48,40000000,29145710,Gaji,1,,
L,60,60000000,20000000,Manfaat pensiun,1,,
L,60,20000000,17333320,Gaji,1,,
L,11,5000000,5000000,Natal 2023,1,,
L,12,15000000,15000000,"THR 2024, Cubes April 2024",1,,
L,11,15000000,15000000,Japrod 2023,1,,
L,12,10000000,9792237,Gaji,1,,
P,120,100000000,73041625,Gaji,1,,
P,12,10000000,4000000,Gaji,1,,
L,60,60000000,55000000,pot manfaat pensiun,1,,
L,11,6000000,3000000,"THR 2023, Natal 2023",1,,
P,11,10000000,10000000,"Cutan Sept 2023, Natal 2023",1,,
L,36,15000000,7083270,pot gaji,1,,
L,12,15000000,15000000,Japrod 2023,1,,
L,60,20000000,16666650,pot manfaat pensiun,1,,
L,11,15000000,15000000,"Japrod 2023, THR 2024",1,,
L,60,15000000,7750000,pot gaji,1,,
L,36,10000000,3888840,pot manfaat pensiunan,1,,
L,60,85000000,72249970,pot manfaat pensiun,1,,
L,12,6000000,6000000,Natal 2023,1,,
P,36,30000000,19999980,pot manfaat pensiun,1,,
P,6,3000000,3000000,Natal Dapen 2024,1,,
L,11,10000000,10000000,"Natal 2023, Cutan Maret 2024",1,,
L,12,15000000,15000000,Japrod 2023,1,,
L,12,10000000,4528513,Gaji,1,,
L,36,15000000,10416630,Gaji,1,,
L,48,50000000,28124930,Gaji,1,,
L,12,10000000,6536750,Gaji,1,,
L,60,120000000,80000000,Gaji,1,,
L,12,10000000,4500000,Gaji,1,,
L,12,25000000,25000000,"Japrod 2023, Natal 2023, THR 2024",1,,
L,72,400000000,333333280,Gaji,1,,
L,48,55000000,44688535,Gaji,1,,
L,48,80000000,60000000,Natal Koperasi dan THR Koperasi tiap tahun,1,,
L,12,35000000,35000000,PENJUALAN MOTOR,1,,
L,12,20000000,20000000,"Natal 2023 Dapen, THR 2024 Dapen",1,,
L,12,10000000,9004815,Gaji,1,,
P,12,18000000,18000000,Japrod 2023,1,,
P,60,35000000,31840665,Gaji,1,,
P,11,25000000,25000000,"Japrod 2023, Natal 2023",1,,
L,12,7500000,4375000,pot gaji,1,,
L,48,20000000,15416630,pot gaji,1,,
L,5,5000000,5000000,Cutan Sept 2023,1,,
L,36,45000000,45000000,pot gaji,1,,
L,12,24000000,24000000,Cubes Sept 2023,1,,
L,12,12000000,12000000,Natal 2023,1,,
L,12,12000000,12000000,THR 2024,1,,
L,12,36000000,36000000,Japrod 2023,1,,
L,12,10000000,4242062,Gaji,1,,
L,12,10000000,6666660,Gaji,1,,
P,9,21000000,14000000,"THR 2023, Natal 2023, Cutan Sept 2023",1,,
L,10,14000000,7000000,"Natal 2023, THR 2023",1,,
L,11,21000000,21000000,Japrod 2023,1,,
P,11,42000000,42000000,"Japrod 2023, Natal 2023, THR 2024",1,,
P,60,100000000,88333310,Gaji,1,,
P,12,10000000,6450000,Gaji,1,,
P,12,20000000,20000000,"Natal 2023, THR 2024",1,,
P,12,40000000,40000000,"Japrod 2022, Cutan Juni 2024",1,,
P,60,45000000,19500000,Gaji,1,,
P,12,10000000,10000000,Cubes Maret 2024,1,,
P,60,50000000,46666660,Gaji,1,,
P,12,18000000,18000000,"Natal 2023, THR 2024",1,,
P,12,10000000,8164447,Gaji,1,,
P,60,100000000,83333320,"Simpanan Bjk No1010,1011,1037  Nominal Rp100000000,--",1,,
L,12,15000000,15000000,"Natal 2023, THR 2024",1,,
L,11,21000000,21000000,Japrod 2023,1,,
L,60,50000000,43333320,Gaji,1,,
P,48,26000000,23291650,Manfaat pensiun,1,,
L,60,60000000,27610000,Gaji,1,,
P,36,20000000,19444440,Gaji,1,,
P,11,14000000,7000000,"THR 2023, Cutan Sept 2023",1,,
L,36,20000000,322065,Gaji,1,,
P,60,21000000,6300000,Gaji,1,,
P,60,200000000,159999980,Gaji,1,,
P,60,300000000,245000000,"Simpanan Bjk No765, Nominal Rp300000000,--",1,,
P,60,200000000,193266670,"Simpanan Bjk No833, Nominal Rp200000000,--",1,,
P,12,10000000,9983207,Gaji,1,,
L,60,18000000,6000000,Manfaat pensiun,1,,
L,60,30000000,18500000,Manfaat pensiun,1,,
L,60,90000000,66000000,Manfaat pensiun,1,,
L,36,7500000,6458325,Manfaat pensiun,1,,
L,12,20000000,20000000,"Natal 2023, Japrod 2023",1,,
L,12,10000000,4349890,Gaji,1,,
P,60,25000000,23749990,Manfaat pensiun,1,,
L,8,9500000,9500000,Natal 2023,1,,
L,24,10000000,5416630,Gaji,1,,
L,60,40000000,33333300,Manfaat pensiun,1,,
P,60,20000000,11666625,Manfaat pensiun,1,,
L,36,7500000,5833320,Gaji,1,,
P,10,10000000,10000000,"Natal 2023, Cubes Jan 2024",1,,
L,60,32000000,17066620,Manfaat pensiun,1,,
P,60,20000000,11433290,Manfaat pensiun,1,,
L,60,35000000,25083305,Manfaat pensiun,1,,
L,48,18000000,17625000,Manfaat pensiun,1,,
L,11,20000000,20000000,"THR 2024, Natal 2023",1,,
P,24,10000000,6666640,Manfaat pensiun,1,,
P,8,3000000,3000000,Natal Dapen 2023,1,,
P,48,19000000,16624990,Gaji,1,,
P,10,7000000,7000000,NATAL  2023,1,,
P,12,10000000,4444088,Gaji,1,,
L,6,50000000,50000000,"Termijn Proyek Penyiangan penataan &inpit Arsip Capem Tawangsari, Penyediaan Jasa Tenaga Arsip Cab Bre",1,,
L,9,11500000,11500000,"Cutan Sept 2023, Natal 2023",1,,
L,11,16500000,16500000,"Japrod 2023, THR 2024",1,,
P,120,100000000,71559230,Gaji,1,,
P,12,19600000,19600000,"Natal 2023 , Cuti Maret 2024",1,,
P,12,9000000,9000000,THR 2024,1,,
P,12,30000000,30000000,Japrod 2023,1,,
P,12,10000000,10000000,Gaji,1,,
P,60,200000000,123333295,Sertifikat SHM No2786,1,,
P,12,50000000,50000000,"Japrod 2023, Natal 2023, THR 2024",1,,
P,12,10000000,4237939,Gaji,1,,
L,36,10000000,7499980,Gaji,1,,
L,11,15000000,15000000,Japrod 2023,1,,
L,12,10000000,10000000,"Natal 2023, THR 2024",1,,
P,11,26000000,26000000,Japrod 2023,1,,
P,48,25000000,8854115,Gaji,1,,
L,24,20000000,17505000,Gaji,1,,
L,5,6500000,6500000,Cutan Sept 2023,1,,
P,60,40000000,15999880,Gaji,1,,
L,24,40000000,34999990,Manfaat pensiun,1,,
L,120,75000000,48750000,Manfaat pensiun,1,,
L,12,15000000,15000000,"Japrod 2023, Natal 2023",1,,
L,24,5000000,3541655,Kend rd 2 Merk Yamaha Tahun 2014,1,,
L,60,15000000,14250000,Manfaat pensiun,1,,
P,36,15000000,14550000,Manfaat pensiun,1,,
L,36,25000000,19444440,Manfaat pensiun,1,,
L,36,25000000,15277770,Manfaat pensiun,1,,
P,12,3000000,2250000,Manfaat pensiun,1,,
P,9,27000000,27000000,"THR 2024, Natal 2023, Cutan Sept 2023",1,,
P,11,27000000,27000000,Japrod 2023,1,,
L,60,40000000,4466520,Manfaat pensiun,1,,
L,36,20000000,16111115,Manfaat pensiun,1,,
L,60,250000000,208333300,Manfaat pensiun,1,,
L,11,5600000,2800000,THR 2023,1,,
L,12,10000000,10000000,"Japrod 2023, THR 2024",1,,
L,12,10000000,4165657,Gaji,1,,
L,60,35000000,9916595,Kend rd 2 BPKB No: G-16412391,1,,
L,12,15000000,15000000,"THR 2024, Cubes April 2024",1,,
L,60,15000000,13250000,Gaji,1,,
L,11,5000000,5000000,Natal 2023,1,,
L,12,5000000,5000000,THR 2024,1,,
L,11,15000000,15000000,Japrod 2023,1,,
L,12,10000000,4175025,Gaji,1,,
L,48,50000000,45833320,Manfaat pensiun,1,,
L,60,70000000,54833290,Manfaat pensiun,1,,
L,60,20000000,16666650,Manfaat pensiun,1,,
L,60,20000000,8333275,Manfaat pensiun,1,,
L,48,50000000,21874910,Manfaat pensiun,1,,
L,12,10000000,4057908,Gaji,1,,
L,60,60000000,28000000,Gaji,1,,
L,9,20000000,20000000,"Cutan Sept 2023, Natal 2023",1,,
L,11,10000000,10000000,THR 2024,1,,
L,12,30000000,30000000,Japrod 2023,1,,
L,36,20000000,5526710,Gaji,1,,
P,24,5000000,833300,Manfaat pensiun,1,,
P,60,10000000,9333320,Manfaat pensiun,1,,
P,7,4000000,4000000,Natal 2023,1,,
P,48,30000000,25000000,Manfaat pensiun,1,,
P,12,2500000,2500000,THR 2024 Dapen,1,,
P,60,8000000,7466660,Manfaat pensiun,1,,
P,48,100000000,100000000,Manfaat pensiun,1,,
P,11,8800000,8800000,"Natal 2023 Dapen, THR 2024 Dapen",1,,
P,60,40000000,40000000,Manfaat pensiun,1,,
P,60,50000000,43200000,Gaji,1,,
P,120,165000000,155375000,Gaji,1,,
P,11,10000000,10000000,Natal 2023 Dapen & Kop,1,,
P,11,16000000,16000000,"THR Dapen 2024, THR Kop 2024, SHU Kop",1,,
P,12,10000000,10000000,Gaji,1,,
L,60,250000000,149999920,Manfaat pensiun,1,,
P,12,10000000,4137971,Manfaat pensiun,1,,
L,12,17000000,17000000,"Natal 2023, THR 2024",1,,
P,12,10000000,4188797,Gaji,1,,
P,60,70000000,22164730,Gaji,1,,
L,8,11000000,11000000,Natal 2023,1,,
L,12,33000000,33000000,Japrod 2023,1,,
L,36,12000000,7214975,Gaji,1,,
L,9,9000000,4500000,"THR 2023, Natal 2023",1,,
L,11,9000000,9000000,"Cutan Sept 2023, THR 2024",1,,
L,60,35000000,15166610,Manfaat pensiun,1,,
L,60,15000000,10250000,Manfaat pensiun,1,,
L,11,4500000,4500000,Natal 2023,1,,
L,12,14500000,14500000,Japrod 2023,1,,
L,36,27000000,25500000,Manfaat pensiun,1,,
L,36,20000000,16666640,Gaji,1,,
P,24,15000000,10625000,Manfaat pensiun,1,,
L,60,20000000,9999950,Manfaat pensiun,1,,
L,48,20000000,11660000,Gaji,1,,
L,36,25000000,19444440,Manfaat pensiun,1,,
L,7,6000000,6000000,Natal 2023 Dapen,1,,
L,12,10000000,5000000,"Natal Dapen 2023, THR 2023",1,,
L,24,30000000,21250000,Gaji,1,,
L,60,25000000,9583210,Gaji,1,,
P,9,10000000,5000000,"Natal 2023, THR 2023",1,,
L,11,20000000,20000000,"Japrod 2023, THR 2024",1,,
L,36,20000000,17777760,Kend rd 2 Merk Yamaha Tahun 2020,1,,
L,12,10000000,4209199,Gaji,1,,
L,60,50000000,35000024,Gaji,1,,
L,48,25000000,18749980,Manfaat pensiun,1,,
L,24,5000000,3333320,Gaji,1,,
L,12,4000000,4000000,Natal 2023,1,,
L,12,4000000,4000000,Cutan Maret 2024,1,,
L,12,16000000,16000000,"Japrod 2023, THR 2024",1,,
L,36,12500000,10416650,Manfaat pensiun,1,,
L,24,10000000,4999960,Gaji,1,,
L,60,60000000,59000000,Manfaat pensiun,1,,
P,48,12000000,8250000,Manfaat pensiun,1,,
P,9,1000000,1000000,Natal 2023 Dapen,1,,
L,60,30000000,9850000,Gaji,1,,
L,12,40000000,40000000,"Japrod 2023, Natal 2023, THR 2024",1,,
L,36,5000000,1527750,Gaji,1,,
L,11,9000000,9000000,Japrod 2023,1,,
L,24,15000000,12500000,Manfaat pensiun,1,,
L,60,100000000,79866700,Manfaat pensiun,1,,
P,36,21000000,11083305,Manfaat pensiun,1,,
L,60,35000000,5833250,Manfaat pensiun,1,,
L,6,75000000,75000000,JHT Dapen Okt 2023,1,,
L,60,18500000,17266660,Manfaat pensiun,1,,
L,10,8000000,4000000,"THR 2023, Natal 2023 dari Dapen",1,,
L,12,4000000,4000000,THR Dapen 2024,1,,
L,12,10000000,8755387,Manfaat pensiun,1,,
P,24,2000000,1249985,Manfaat pensiun,1,,
P,24,20000000,20000000,Gaji,1,,
P,12,10000000,9339197,Gaji,1,,
L,60,45000000,43500000,Gaji,1,,
L,11,6500000,6500000,Natal 2023,1,,
L,12,6500000,6500000,THR 2024,1,,
L,12,19000000,19000000,Japrod 2023,1,,
P,60,65000000,53079685,Gaji,1,,
P,12,22000000,22000000,"Natal 2023, Cutan Maret 2024",1,,
P,11,35000000,35000000,Japrod 2023,1,,
P,12,10000000,3740901,Gaji,1,,
L,9,30000000,20000000,"THR 2023, Natal 2022, Cutan Sept 2023",1,,
L,18,6000000,2999985,Kend rd 2 tahun 2008,1,,
L,24,15000000,13125000,Kend rd 2 Merk Yamaha Tahun 2006,1,,
P,60,25000000,12083230,Gaji,1,,
P,12,12000000,12000000,Cutan Maret 2024,1,,
P,12,12000000,12000000,THR 2024,1,,
P,12,44500000,44500000,"Natal 2023, Japrod 2023",1,,
P,24,15000000,8125000,Manfaat pensiun,1,,
P,11,10000000,10000000,"Natal 2023, THR 2024",1,,
P,11,15000000,15000000,Japrod 2023,1,,
P,60,50000000,30833295,Gaji,1,,
P,11,44000000,44000000,"Japrod 2023, Natal 2023, THR 2024",1,,
P,60,100000000,46666560,Gaji,1,,
P,60,85000000,53833260,2 Unit Kend Rd 2,1,,
P,12,23000000,11500000,"Natal 2023, CUTI JUNI 2023",1,,
P,12,35000000,35000000,Japrod 2023,1,,
P,12,23000000,23000000,"THR 2024, Cutan Juni 2024",1,,
L,24,10000000,8333320,Gaji,1,,
L,11,4800000,4800000,Natal 2023,1,,
P,60,30000000,22000000,Manfaat pensiun,1,,
P,48,60000000,47500000,Gaji,1,,
L,60,10000000,10000000,Gaji,1,,
P,36,25000000,14583325,Manfaat pensiun,1,,
L,60,35000000,27999980,Manfaat pensiun,1,,
L,11,30000000,30000000,"Japrod 2023, Natal 2023, THR 2024",1,,
L,36,20000000,15555520,Gaji,1,,
P,36,25000000,20138885,Manfaat pensiun,1,,
P,7,2000000,2000000,Natal 2023 Dapen,1,,
P,9,19200000,12800000,"Natal 2023 Cutan Sept 2023, THR 2023",1,,
P,12,19200000,19200000,Japrod 2023,1,,
P,12,10000000,5736000,Gaji,1,,
L,36,13000000,3249895,Kend rd 2 Merk Honda Tahun 2003,1,,
P,120,125000000,101041590,Gaji,1,,
P,60,25000000,21278360,"Simpanan BJK No1177, Nominal Rp25 Juta",1,,
P,12,10000000,9999120,Gaji,1,,
L,60,50000000,13318740,Gaji,1,,
L,12,30000000,30000000,"Cutan Sept 2023, Natal 2023, THR 2024",1,,
L,11,44000000,44000000,Japrod 2023,1,,
L,60,30000000,25500000,Gaji,1,,
L,10,6500000,6500000,Cutan Sept 2023,1,,
L,11,16000000,16000000,Japrod 2023,1,,
P,11,11000000,11000000,Natal 2023,1,,
P,12,11000000,11000000,Cutan Maret 2023,1,,
P,12,44000000,44000000,"THR 2024, Japrod 2023",1,,
P,12,10000000,9005552,Gaji,1,,
P,24,26000000,21666660,Gaji,1,,
L,11,33500000,33500000,"Japrod 2023, Natal 2023, THR 2024",1,,
L,3,6000000,6000000,Cutan Sept 2023,1,,
L,12,10000000,10000000,"Natal 2023, THR 2024",1,,
L,11,15000000,15000000,Japrod 2023,1,,
L,24,20000000,1598370,Gaji,1,,
L,24,20000000,833295,Manfaat pensiun,1,,
L,60,115000000,86249950,Gaji,1,,
L,12,8000000,3999980,Gaji,1,,
L,36,10000000,9166660,Gaji,1,,
L,12,10000000,7075921,Gaji,1,,
L,60,25000000,7083190,Manfaat pensiun,1,,
L,60,60000000,29000000,Manfaat pensiun,1,,
L,8,14000000,14000000,"Cutan Sept 2023, Natal 2023",1,,
P,60,30000000,19000000,Gaji,1,,
L,60,100000000,71316610,Kend rd 2 Merk Kawasaki Tahun 2022,1,,
L,48,60000000,58750000,Gaji,1,,
L,12,10000000,9999191,Gaji,1,,
P,60,25000000,9999880,Manfaat pensiun,1,,
P,6,4600000,4600000,Natal 2023 Dapen,1,,
P,84,70000000,30833255, BPKB MOTOR HONDA TAHUN 2016 NOPOL H 5654 RS,1,,
L,48,20000000,9166580,Gaji,1,,
L,12,10000000,5000000,"Natal 2022, THR 2023, Japrod 2022",1,,
L,12,10000000,4376411,Gaji,1,,
L,24,10000000,9166660,Kend rd 2 Merk Honda Tahun 2014,1,,
L,60,15000000,12000000,Gaji,1,,
L,11,30000000,30000000,"Japrod 2023, Natal 2023, THR 2024",1,,
L,12,10000000,872262,Gaji,1,,
P,48,35000000,21145770,Gaji,1,,
L,10,33000000,11000000,"THR 2023, Cutan Juni 2023, Natal 2023",1,,
L,11,33000000,33000000,Japrod 2023,1,,
P,48,25000000,21354155,Gaji,1,,
P,12,50000000,50000000,"Japrod 2023, Natal 2023, THR 2024",1,,
L,10,10000000,10000000,Natal 2023,1,,
L,12,10000000,10000000,THR 2024,1,,
L,12,30000000,30000000,Japrod 2023,1,,
L,12,10000000,4214384,Gaji,1,,
L,36,20000000,7775370,Gaji,1,,
L,6,5000000,5000000,Cutan Sept 2023,1,,
L,7,5000000,5000000,Natal 2023,1,,
L,12,10000000,10000000,Japrod 2023,1,,
 ,,25271758000,20000152489,,,,